	Unnamed: 0	Unnamed: 0.1	Unnamed: 0.1.1	Unnamed: 0.1.1.1	Unnamed: 0.1.1.1.1	position	channelId	channelTitle	videoId	publishedAt	publishedAtSQL	videoTitle	videoDescription	tags	videoCategoryId	videoCategoryLabel	duration	durationSec	dimension	definition	caption	thumbnail_maxres	licensedContent	viewCount	likeCount	dislikeCount	favoriteCount	commentCount	search_Term	Comments_Downloaded	Comments_Downloaded_Stopped_At
0	0	0	0	0	453	8	UCam5sCp6mzGBcn8ZBB2RBJg	Conservation International	-S14SjemfAg	2019-09-19T14:16:19Z	2019-09-19 14:16:19	Nature Now	"There is a natural solution to the climate breakdown: protecting forests. Climate activist Greta Thunberg and writer and climate activist George Monbiot explain. Learn more at www.conservation.org/naturenow This independent film was made possible with support from Conservation International, Gower St., The Food and Land Use Coalition and guidance from Nature4Climate and Natural Climate Solutions. Narrated by Greta Thunberg & George Monboit Directed by Tom Mustill Producer: Andrea Walji DOP & Offline Editor: Fergus Dingle Sound Recordist: Ewan Dryburgh Motion Graphics: P√°raic Mc Gloughlin Sound Designer & Audio Post: Tom Martin for Mcasso Online Editor & Picture Post: Bram De Jonghe for Special Treats Productions NCS Guidance: Charlotte Latimer Music: Rone - ""Motion"" with kind permission of the artist InFin√© & Warner Chappell Music A Gripping Films Production"		29	Nonprofits & Activism	PT3M39S	219	2d	sd	False	https://i.ytimg.com/vi/-S14SjemfAg/maxresdefault.jpg		864742	22872.0	8080.0	0	4977.0	climate change greta	False	0
24	24	24	24	24	429	378	UCMtFAi84ehTSYSE9XoHefig	The Late Show with Stephen Colbert	Brtog4AABBg	2020-07-22T08:03:30Z	2020-07-22 08:03:30	"Greta Thunberg: Humanity Is ""Setting Fire To The Boat"" Instead Of Facing The Climate Crisis"	"Environmental activist Greta Thunberg describes the world's current response to the climate change crisis as being stuck in the middle of the ocean and ""setting fire to the boat."" #StephenAtHome #GretaThunberg #ClimateCrisis Subscribe To ""The Late Show"" Channel HERE: http://bit.ly/ColbertYouTube For more content from ""The Late Show with Stephen Colbert"", click HERE: http://bit.ly/1AKISnR Watch full episodes of ""The Late Show"" HERE: http://bit.ly/1Puei40 Like ""The Late Show"" on Facebook HERE: http://on.fb.me/1df139Y Follow ""The Late Show"" on Twitter HERE: http://bit.ly/1dMzZzG Follow ""The Late Show"" on Google+ HERE: http://bit.ly/1JlGgzw Follow ""The Late Show"" on Instagram HERE: http://bit.ly/29wfREj Follow ""The Late Show"" on Tumblr HERE: http://bit.ly/29DVvtR Watch The Late Show with Stephen Colbert weeknights at 11:35 PM ET/10:35 PM CT. Only on CBS. Get the CBS app for iPhone & iPad! Click HERE: http://bit.ly/12rLxge Get new episodes of shows you love across devices the next day, stream live TV, and watch full seasons of CBS fan favorites anytime, anywhere with CBS All Access. Try it free! http://bit.ly/1OQA29B --- The Late Show with Stephen Colbert is the premier late night talk show on CBS, airing at 11:35pm EST, streaming online via CBS All Access, and delivered to the International Space Station on a USB drive taped to a weather balloon. Every night, viewers can expect: Comedy, humor, funny moments, witty interviews, celebrities, famous people, movie stars, bits, humorous celebrities doing bits, funny celebs, big group photos of every star from Hollywood, even the reclusive ones, plus also jokes."	The Late Show,Late Show,Stephen Colbert,Steven Colbert,Colbert,celebrity,celeb,celebrities,late night,talk show,comedian,comedy,CBS,joke,jokes,funny,funny video,funny videos,humor,hollywood,famous	24	Entertainment	PT8M58S	538	2d	hd	True	https://i.ytimg.com/vi/Brtog4AABBg/maxresdefault.jpg	1.0	597479	17050.0	1715.0	0	2716.0	climate crisis	False	0
29	29	29	29	29	424	216	UCLXo7UDZvByw2ixzpQCufnA	Vox	_0TCrGtTEQM	2017-08-29T00:35:44Z	2017-08-29 00:35:44	How climate change makes hurricanes worse	"Here's what we know about climate change and hurricanes. Subscribe to our channel! http://goo.gl/0bsAjO We know that humanity's carbon footprint has shifted the baseline conditions of the climate, the context in which every weather event takes place. But trying to isolate the human influence from everything else that is going on can be really hard, especially for hurricanes, or what scientists call ""tropical cyclones."" They're super complex and the quality of the historical data we have for them isn't great. We do have physics, though. Hurricanes are driven by the transfer of heat from the sea to the air through evaporation. The storm's maximum possible wind speed, or its potential intensity, depends in part on how warm the ocean is ‚Äì¬†and of course, we're warming the ocean. So researchers expect intense tropical cyclones to become frequent if we continue to warm the planet. The hurricanes of the future will also be wetter. So coastal cities will face freshwater flooding from the sky paired with storm surge from the sea, which is higher now because we are also causing sea levels to rise. And that trend of wetter storms isn't just for hurricanes. Heavy precipitation events from other types of storms have been increasing in The US and should continue to increase across the country. Even in places that might see less rain over the whole year, they'll get more days with really heavy precipitation. This comes down to basic physics too: warmer air can take up more water before it dumps it back down on us. All of this means global warming worsens floods like the kind that hit Houston. But it's not our destiny to hurt ourselves like this. It depends on what we choose to do now. We could rethink our infrastructure and regulations to minimize the damage, but unless we also start cutting our carbon emissions and shifting the world to clean energy, it's just going to get worse. Sources: Peter Sinclair: https://www.yaleclimateconnections.org/author/psinclair/ IPCC AR5: https://www.ipcc.ch/pdf/assessment-report/ar5/wg1/WG1AR5_Chapter14_FINAL.pdf National Climate Assessment: http://nca2014.globalchange.gov/report/our-changing-climate/heavy-downpours-increasing NOAA/EPA https://www.epa.gov/climate-indicators/climate-change-indicators-sea-surface-temperature https://www.epa.gov/climate-indicators/climate-change-indicators-sea-level Vox.com is a news website that helps you cut through the noise and understand what's really driving the events in the headlines. Check out http://www.vox.com Check out our full video catalog: http://goo.gl/IZONyE Follow Vox on Twitter: http://goo.gl/XFrZ5H Or on Facebook: http://goo.gl/U2g06o"	vox.com,vox,explain,hurricane harvey,noaa,hurricane,climate change,meteorology,tropical storm,extreme weather,weather,flooding,storms,storm,superstorm,nasa,storm footage,hurricane footage,houston flooding,texas flooding,flood rescue,weather rescue,harvey flood,harvey flooding,hurricane flooding,hurricane flood,texas flood,global warming hurricane,texas hurricane harvey,texas hurricane,climate change hurricane,harvey category 4,texas,natural disaster	25	News & Politics	PT3M23S	203	2d	hd	True	https://i.ytimg.com/vi/_0TCrGtTEQM/maxresdefault.jpg	1.0	781960	18578.0	1335.0	0	2500.0	climate crisis	False	0
34	34	34	34	34	419	73	UCWOA1ZGywLbqmigxE4Qlvuw	Netflix	um2Q9aUecy0	2020-04-17T13:00:00Z	2020-04-17 13:00:00	Our Planet | Jungles | FULL EPISODE | Netflix	Experience our planet's natural beauty and examine how climate change impacts all living creatures in this ambitious documentary of spectacular scope. In this episode: Jungles and rainforests are home to an incredible variety of species like preening birds, intelligent orangutans and remarkably ambitious ants. For more about Jungles, please visit https://www.ourplanet.com/en/video/how-to-save-our-jungles Download free educational resources at https://www.ourplanet.com/en/schools-and-youth US Rating: TV-PG. Parental guidance suggested. SUBSCRIBE: http://bit.ly/29qBUt7 About Netflix: Netflix is the world's leading streaming entertainment service with over 167 million paid memberships in over 190 countries enjoying TV series, documentaries and feature films across a wide variety of genres and languages. Members can watch as much as they want, anytime, anywhere, on any internet-connected screen. Members can play, pause and resume watching, all without commercials or commitments. Our Planet | Jungles | FULL EPISODE | Netflix https://youtube.com/Netflix	education,netflix education,documentary,our planet,baby animals,babies,baby,our planet Netflix,nature,planet earth,blue planet,earth,wild animals,environment,climate change,global warming,nat geo,national geographic,family,animals,elephant,tiger,gorilla,eagle,penguin,wildebeest,pelican,dogs,cute,cute animals,cute babies,Jungles,rainforests,forest	24	Entertainment	PT50M58S	3058	2d	sd	True	https://i.ytimg.com/vi/um2Q9aUecy0/maxresdefault.jpg	1.0	4272144	37544.0	1053.0	0	2377.0	climate change rainforest	False	0
40	40	40	40	40	413	305	UC8p1vwvWtl6T73JiExfWs1g	CBS News	wPDARBhp9d0	2021-01-27T20:41:13Z	2021-01-27 20:41:13	Are Biden's actions on climate change enough to make a difference?	"President Biden has signed several executive orders aimed at combating climate change. But will his policies do enough? Climate scientist Michael Mann, author of ""The New Climate War,"" joins CBSN's Tanya Rivero to discuss. CBSN is CBS News‚Äô 24/7 digital streaming news service featuring live, anchored coverage available for free across all platforms. Launched in November 2014, the service is a premier destination for breaking news and original storytelling from the deep bench of CBS News correspondents and reporters. CBSN features the top stories of the day as well as deep dives into key issues facing the nation and the world. CBSN has also expanded to launch local news streaming services in major markets across the country. CBSN is currently available on CBSNews.com and the CBS News app across more than 20 platforms, as well as the CBS All Access subscription service. Subscribe to the CBS News YouTube channel: http://youtube.com/cbsnews Watch CBSN live: http://cbsn.ws/1PlLpZ7c Download the CBS News app: http://cbsn.ws/1Xb1WC8 Follow CBS News on Instagram: https://www.instagram.com/cbsnews/ Like CBS News on Facebook: http://facebook.com/cbsnews Follow CBS News on Twitter: http://twitter.com/cbsnews Subscribe to our newsletters: http://cbsn.ws/1RqHw7T Get new episodes of shows you love across devices the next day, stream CBSN and local news live, and watch full seasons of CBS fan favorites like Star Trek Discovery anytime, anywhere with CBS All Access. Try it free: http://bit.ly/1OQA29B"	Climate Change,Executive Order,president biden,Global warming,cbsn,CBS News,michael mann,the new climate war,scientists,First 100 days,Tanya Rivero,donald trump,joe biden	25	News & Politics	PT8M2S	482	2d	hd	False	https://i.ytimg.com/vi/wPDARBhp9d0/maxresdefault.jpg	1.0	44063	386.0	2138.0	0	2246.0	climate crisis	False	0
46	46	46	46	46	407	132	UCn4sPeUomNGIr26bElVdDYg	NowThis News	Wwv5DBUgupk	2020-09-30T08:29:49Z	2020-09-30 08:29:49	Trump & Biden Discuss Climate Change at 2020 Presidential Debate | NowThis	Presidential nominees got asked about climate change at a debate for the first time in over a decade‚Äî Here's what Trump and Biden had to say about the ongoing climate crisis #Debates2020. ¬ª Subscribe to NowThis: http://go.nowth.is/News_Subscribe ¬ª Sign up for our newsletter KnowThis to get the biggest stories of the day delivered straight to your inbox: https://go.nowth.is/KnowThis For more 2020 Presidential Debate coverage, U.S. politics, and 2020 election news, subscribe to NowThis News. #Trump #Biden #ClimateChange #Debates2020 #Politics #News #NowThis #NowThisNews Connect with NowThis ¬ª Like us on Facebook: http://go.nowth.is/News_Facebook ¬ª Tweet us on Twitter: http://go.nowth.is/News_Twitter ¬ª Follow us on Instagram: http://go.nowth.is/News_Instagram ¬ª Find us on Snapchat Discover: http://go.nowth.is/News_Snapchat NowThis is your premier news outlet providing you with all the videos you need to stay up to date on all the latest in trending news. From entertainment to politics, to viral videos and breaking news stories, we‚Äôre delivering all you need to know straight to your social feeds. We live where you live. http://www.youtube.com/nowthisnews @nowthisnews	NowThis,NowThisNews,Now This News,NowThis News,Now This Media,NowThis Media,Current Events,news,US news,current events today,climate change,climate crisis,donald trump,joe biden,presidential debate,us politics,2020 presidential election,president trump,presidential election,trump campaign,2020 elections,us election,donald trump vs joe biden,debates 2020,presidential debate 2020,trump news,u.s. politics,2020 election,2020 election news	25	News & Politics	PT9M7S	547	2d	hd	False	https://i.ytimg.com/vi/Wwv5DBUgupk/maxresdefault.jpg	1.0	222438	5907.0	120.0	0	1941.0	climate crisis	False	0
54	54	54	54	54	399	313	UCn8zNIfYAQNdrFRrr8oibKw	VICE	tNwkY_V_BPI	2019-09-21T15:00:10Z	2019-09-21 15:00:10	Does Climate Change Really Mean the End of the World? | Let Lee Explain	"New reports on climate change have been released that suggest our planet may be on a path to destruction ‚Äî even sooner than previously predicted. Lee Adams explains what will happen to the planet and its inhabitants if we do nothing to change the course of climate change. WATCH NEXT: The Story of Viral Internet Classic ""Ze End of The World"" -- https://youtu.be/v9l5CM4PqOY Click here to subscribe to VICE: http://bit.ly/Subscribe-to-VICE About VICE: The Definitive Guide To Enlightening Information. From every corner of the planet, our immersive, caustic, ground-breaking and often bizarre stories have changed the way people think about culture, crime, art, parties, fashion, protest, the internet and other subjects that don't even have names yet. Browse the growing library and discover corners of the world you never knew existed. Welcome to VICE. Connect with VICE: Check out our full video catalog: http://bit.ly/VICE-Videos Videos, daily editorial and more: http://vice.com More videos from the VICE network: https://www.fb.com/vicevideo Click here to get the best of VICE daily: http://bit.ly/1SquZ6v Like VICE on Facebook: http://fb.com/vice Follow VICE on Twitter: http://twitter.com/vice Follow us on Instagram: http://instagram.com/vice The VICE YouTube Network: VICE: https://www.youtube.com/VICE MUNCHIES: https://www.youtube.com/MUNCHIES VICE News: https://www.youtube.com/VICENews VICELAND: https://www.youtube.com/VICELANDTV Broadly: https://www.youtube.com/Broadly Noisey: https://www.youtube.com/Noisey Motherboard: https://www.youtube.com/MotherboardTV VICE Sports: https://www.youtube.com/NOC i-D: http://www.youtube.com/iDmagazine Waypoint: https://www.youtube.com/Waypoint"	vice,education,world,APOCALYPSE,The VICE Guide To Right Now,journalism,documentary,videos,culture,interview,film,movies,underground,vice videos,lifestyle,independent,vice guide,exclusive,vice mag,vice magazine,vice.com,documentaries,short films,docs,yt:cc=on,apocalypse now,the end of the world,ze end of the world,ze end of the world 2,fire ze missiles,story of,lee adams,let lee explain,greta thunberg,greta,make the world greta again	28	Science & Technology	PT5M22S	322	2d	hd	False	https://i.ytimg.com/vi/tNwkY_V_BPI/maxresdefault.jpg	1.0	160068	3996.0	1186.0	0	1706.0	climate crisis	False	0
60	60	60	60	60	393	46	UCzWQYUVCpZqtN93H8RR44Qw	Seeker	UBbPpRSewR4	2020-11-25T12:00:07Z	2020-11-25 12:00:07	Scientists Can Now Prove That Climate Change Is Causing Natural Disasters	"Across the world, climate events are getting more extreme. And while there‚Äôs little doubt that climate change is to blame, proving that fault for specific weather events hasn‚Äôt really been possible‚Ä¶ until now. ¬ª Subscribe to Seeker! http://bit.ly/subscribeseeker ¬ª Watch more Elements! http://bit.ly/ElementsPlaylist ¬ª Visit our shop at http://shop.seeker.com An emerging field called extreme-event attribution is helping us measure and verify the relationship between the climate crisis and extreme weather. Not only does this have huge implications for predicting and modeling our planet‚Äôs future, but it could also help us better prepare for living in an increasingly extreme world. When we talk about the impacts of the climate crisis, we‚Äôre really talking about distinguishing the influence of natural factors from anthropogenic factors on Earth‚Äôs climate cycle. Basically, this means teasing apart Earth‚Äôs natural climate cycles from human-caused climate change. A way to begin doing this is to examine the ‚Äúfingerprints‚Äù we humans have left behind on Earth‚Äôs climate. By matching both the observed and modeled patterns of Earth‚Äôs climate, scientists can positively identify the ‚Äúfingerprints'' associated with these changes. Following the tracks of these fingerprints has helped scientists link climate change with more general trends, like rising sea levels and global temperatures. #climatechange #environment #naturaldisasters #weather #science #seeker #elements Read More: The Decade of Attribution Science https://slate.com/technology/2019/12/attribution-science-field-explosion-2010s-climate-change.html ""Just as medical researchers can study how smoking cigarettes changes people‚Äôs risk of lung cancer by comparing data from smokers and nonsmokers, attribution scientists compare events on our planet with those on a hypothetical ‚ÄúPlanet B,‚Äù one that is untouched by greenhouse gas emissions."" Scientists Can Now Blame Individual Natural Disasters on Climate Change https://www.scientificamerican.com/article/scientists-can-now-blame-individual-natural-disasters-on-climate-change/ ""It was January 2003, and as Allen‚Äîa climate expert at the University of Oxford‚Äîmonitored the rising waters from the safety of his house, a voice on the radio was telling him that it couldn't be done. Sure, the flood was the type of event likely to be made more frequent by global warming, the representative of the United Kingdom's Met Office said on the show. But ascertaining anything more concrete was out of reach."" Mapped: How climate change affects extreme weather around the world https://www.carbonbrief.org/mapped-how-climate-change-affects-extreme-weather-around-the-world ""Use the filters below to explore the studies."" ____________________ Elements is more than just a science show. It‚Äôs your science-loving best friend, tasked with keeping you updated and interested in all the compelling, innovative and groundbreaking science happening all around us. Join our passionate hosts as they help break down and present fascinating science, from quarks to quantum theory and beyond. Seeker empowers the curious to understand the science shaping our world. We tell award-winning stories about the natural forces and groundbreaking innovations that impact our lives, our planet, and our universe. Visit the Seeker website https://www.seeker.com/videos Elements on Facebook https://www.facebook.com/SeekerElements/ Subscribe now! http://www.youtube.com/subscription_center?add_user=dnewschannel Seeker on Twitter http://twitter.com/seeker Seeker on Facebook https://www.facebook.com/SeekerMedia/ Seeker http://www.seeker.com/"	extreme weather,earthquake,change,natural disasters,climate change,global warming,climate,weather,natural disaster,environment,seeker,science,curiosity,education,explain,learn,teach,elements,host,explainer,news,science news,current events,edutainment,science videos,awe,inspiration,discovery,forest fire,forest fires,floods,tornado	28	Science & Technology	PT6M29S	389	2d	hd	True	https://i.ytimg.com/vi/UBbPpRSewR4/maxresdefault.jpg	1.0	96850	5515.0	513.0	0	1553.0	climate crisis	False	0
67	67	67	67	67	386	353	UCBi2mrWuNuyYy4gbM6fU18Q	ABC News	cGtJQhxZB48	2020-10-23T04:00:53Z	2020-10-23 04:00:53	Biden and Trump speak on climate change, fracking	‚ÄúThe fastest-growing industry in America is solar energy and wind. He thinks wind causes cancer, windmills,‚Äù Joe Biden said, referring to President Donald Trump. Fact Check: https://abcn.ws/3m8XaqM SUBSCRIBE to ABC NEWS: https://bit.ly/2vZb6yP Watch More on http://abcnews.go.com/ LIKE ABC News on FACEBOOK https://www.facebook.com/abcnews FOLLOW ABC News on TWITTER: https://twitter.com/abc #2020Debate #President #Trump #Biden #PresidentialDebate #Debate #2020Election #Politics #BreakingNews #ABCNews #ClimateChange #Fracking #SolarPower	Joe,Biden,President,Trump,climate,change,fracking,Presidential,Debate,electionzone2020,2020debate,abc,news,p_cmsid=2494279,p_vid=news-73774687	25	News & Politics	PT12M5S	725	2d	hd	False	https://i.ytimg.com/vi/cGtJQhxZB48/maxresdefault.jpg	1.0	172999	2241.0	159.0	0	1406.0	climate crisis	False	0
68	68	68	68	68	385	88	UCLyr-hfWVCKHcZjV5fg3jbw	English Speeches	Elv-c3ZTkYg	2019-10-05T01:00:00Z	2019-10-05 01:00:00	ENGLISH SPEECH | GRETA THUNBERG: How Dare You (English Subtitles)	"Learn English with Greta Thunberg. Swedish environmental activist Greta Thunberg delivered an emotional speech at the United Nations Climate Action Summit on September 23, 2019. The 16-year-old criticized global leaders for claiming they are doing enough about the climate crisis ‚Äúwhen the politics and solutions needed are still nowhere in sight.‚Äù In this Speech, she also quotes: ""The eyes of all future generations are upon you. And if you choose to fail us, I say - we will never forgive you."" - Watch with big English subtitles. ‚úÖ Get the full transcript and audio of this speech FREE on our website: https://www.englishspeecheschannel.com/english-speeches/greta-thunberg-speech ‚úÖ Also, download our FREE English Ebooks: https://www.englishspeecheschannel.com/ebook/free-english-ebook ‚úÖ Do you want to become a better writer, reader, speaker, and speller? Check our NEW eBook: https://www.englishspeecheschannel.com/perfect-grammar-ebook üëâ How to Learn English Online and from Home: https://www.englishspeecheschannel.com/english-tips/how-to-learn-english-online Follow us on Social Media: üëâ Instagram: englishspeeches üëâ Facebook: englishspeeches üëâ Twitter: englishspeeches All content on our website is totally FREE. The only thing we ask is: Please! SUBSCRIBE to our Channel: üôèüèª https://www.youtube.com/englishspeeches?sub_confirmation=1 ‚ù§Ô∏è Thank you for watching! #EnglishSpeeches #EnglishSubtitles #LearnEnglish #EnglishSpeech #GretaThunbergSpeech Link to the original video: https://youtu.be/y3X-cNMNTMc We use this video for educational purposes. Thank you for making this Speech possible. FAIR-USE COPYRIGHT DISCLAIMER * Copyright Disclaimer Under Section 107 of the Copyright Act 1976, allowance is made for ""fair use"" for purposes such as criticism, commenting, news reporting, teaching, scholarship, and research. Fair use is a use permitted by copyright statute that might otherwise be infringing. Non-profit, educational or personal use tips the balance in favor of fair use. 1)This video has no negative impact on the original works (It would actually be positive for them) 2)This video is also for teaching purposes. 3)It is not transformative in nature. 4)I only used bits and pieces of videos to get the point across where necessary. English Speeches does not own the rights to these video clips. They have, in accordance with fair use, been repurposed with the intent of educating and inspiring others. However, if any content owners would like their images removed, please contact us by email at contact@englishspeecheschannel.com"	safd198yjmkkvz0189hystty,english,speech,english speech,english speeches by famous people,english speech for learning,english speeches with big subtitles,english speech with subtitles,english speech pratice,english speech videos,english speaking,speeches in english,learn english,Improve,Writing,Grammar,vocabulary,speaking,script,transcript,greta thunberg,greta thunberg speech,greta thunberg UN,How dare you,un speech greta thunberg,Climate change,Greta UN	27	Education	PT5M44S	344	2d	hd	True	https://i.ytimg.com/vi/Elv-c3ZTkYg/maxresdefault.jpg	1.0	248331	5531.0	1494.0	0	1386.0	climate change greta	False	0
69	69	69	69	69	384	140	UCqFzWxSCi39LnW1JKFR3efg	Saturday Night Live	JR9FALnLFQ8	2017-10-17T22:37:17Z	2017-10-17 22:37:17	Cut for Time: Climate Change (Kumail Nanjiani) - SNL	Actor Blake Vilanti (Beck Bennett) teams up with Dr. Robert Khan (Kumail Nanjiani) to save the earth. #SNL #SNL43 Subscribe to SNL:¬†https://goo.gl/tUsXwM Stream Current Full Episodes:¬†http://www.nbc.com/saturday-night-live Watch Past SNL Seasons:¬† Google Play -¬†http://bit.ly/SNLGooglePlay¬† iTunes -¬†http://bit.ly/SNLiTunes Follow SNL Social - SNL Instagram:¬†http://instagram.com/nbcsnl¬† SNL Facebook:¬†https://www.facebook.com/snl SNL Twitter:¬†https://twitter.com/nbcsnl SNL Tumblr:¬†http://nbcsnl.tumblr.com/ SNL Pinterest:¬†http://www.pinterest.com/nbcsnl/	saturday night live,snl,snl season 43,kumail nanjiani,snl host kumail nanjiani,kumail nanjiani snl,climate change,cut for time,simon slays,cw,actor,environment,ocean,dr,doctor,khan,exclusive,water,level,rising,funny,comedian,comedy,the big sick,body,insane,girlfriend,fight,pink,live,new york,sketch comedy,hat,global warming,fish,drowning,cry,spiderman,online,petition	24	Entertainment	PT2M57S	177	2d	hd	False	https://i.ytimg.com/vi/JR9FALnLFQ8/maxresdefault.jpg	1.0	1932833	31412.0	885.0	0	1364.0	climate crisis	False	0
70	70	70	70	70	383	310	UCVTyTA7-g9nopHeHbeuvpRA	Late Night with Seth Meyers	i30pZSVuyv8	2016-08-31T04:35:00Z	2016-08-31 04:35:00	Extreme Weather and Climate Change: A Closer Look	Seth takes a closer look at the current state of climate change. ¬ª Subscribe to Late Night: http://bit.ly/LateNightSeth ¬ª Get more Late Night with Seth Meyers: http://www.nbc.com/late-night-with-seth-meyers/ ¬ª Watch Late Night with Seth Meyers Weeknights 12:35/11:35c on NBC. LATE NIGHT ON SOCIAL Follow Late Night on Twitter: https://twitter.com/LateNightSeth Like Late Night on Facebook: https://www.facebook.com/LateNightSeth Find Late Night on Tumblr: http://latenightseth.tumblr.com/ Connect with Late Night on Google+: https://plus.google.com/+LateNightSeth/videos Late Night with Seth Meyers on YouTube features A-list celebrity guests, memorable comedy, and topical monologue jokes. NBC ON SOCIAL Like NBC: http://Facebook.com/NBC Follow NBC: http://Twitter.com/NBC NBC Tumblr: http://NBCtv.tumblr.com/ NBC Pinterest: http://Pinterest.com/NBCtv/ NBC Google+: https://plus.google.com/+NBC YouTube: http://www.youtube.com/nbc NBC Instagram: http://instagram.com/nbc Extreme Weather and Climate Change: A Closer Look- Late Night with Seth Meyers https://youtu.be/i30pZSVuyv8 Late Night with Seth Meyers http://www.youtube.com/user/latenightseth #ACloserLook #LNSM #SethMeyers	news satire,NBC,promo,Climate Change,television,Extreme Weather,satire,A Closer Look,stand-up,snl seth meyers,weekend update,host,parody,humor,global warming,funny,Late Night,meyers,talk show,weather,Seth Meyers,floods,everywhere,NBC TV,climate,comedy,ACL2016,al gore,seth	23	Comedy	PT8M40S	520	2d	hd	False	https://i.ytimg.com/vi/i30pZSVuyv8/maxresdefault.jpg	1.0	1307003	8094.0	484.0	0	1354.0	climate crisis	False	0
71	71	71	71	71	382	380	UCyi06SeKkiwoAzFVmQtDtfg	Tom Carroll	LfcHgUxzgqk	2019-09-29T19:22:56Z	2019-09-29 19:22:56	Why planting trees WON'T stop climate change	‚ñ∫ Get two FREE months of Skillshare Premium: https://skl.sh/aspectscience ‚ñ∫ Check out more Aspect Science videos: https://goo.gl/b7na8K Could planting trees be the solution to climate change? With the climate crisis gaining recognition around the world and climate strikes in full swing with hundreds of thousands of people taking to the streets in a plea for action against climate change, I figured it would be good to look at what might be the best solution to climate change: trees. Trees capture and store carbon, reducing the amount of CO2 in the air. Recently a study looked at the amount of trees we could plant on Earth, which lead to a lot of people thinking we could solve the climate change issue by planting a trillion trees. But this isn't exactly true. Find out why in my latest video! This video was sponsored by Skillshare ------- Check out Kurtis & Levi‚Äôs Video (YouTubers for Earth): https://youtu.be/5l-EUIMUr30 ‚ñ∫ Support the channel for the price of 1 coffee a month on Patreon: https://www.patreon.com/aspectscience ‚ñ∫ All music in this video is from Epidemic Sound. Try it out for yourself: http://share.epidemicsound.com/Aspect-Science ------- Connect ‚ñ∫ Instagram: https://www.instagram.com/aspectscience/ ‚ñ∫ Twitter: https://twitter.com/AspectScience ‚ñ∫ Contact: aspectscience@gmail.com #climatecrisis ---- Thanks for watching!	science,planting 1 trillion trees,planting 1 million trees,could planting trees solve climate change,planting trees mrbeast,planting trees,climate crisis,climate crisis documentary,climate strike,planting trees to save the environment,planting trees to reduce climate change,planting trees to fight climate change,how to solve climate change,greta thunberg,mr beast plants trees,could planting trees stop climate change,planting trees stop climate change	28	Science & Technology	PT9M42S	582	2d	hd	False	https://i.ytimg.com/vi/LfcHgUxzgqk/maxresdefault.jpg	1.0	131775	4963.0	1458.0	0	1345.0	climate crisis	False	0
72	72	72	72	72	381	350	UCY7dD6waquGnKTZSumPMTlQ	OxfordUnion	Lq0iua0r0KQ	2016-05-28T14:34:45Z	2016-05-28 14:34:45	Climate Change Debate | Kriti Joshi | Opposition	SUBSCRIBE for more speakers ‚ñ∫ http://is.gd/OxfordUnion Oxford Union on Facebook: https://www.facebook.com/theoxfordunion Oxford Union on Twitter: @OxfordUnion Website: http://www.oxford-union.org/ The Motion: This House Believes The West Has No Right to Impose Environmental Standards on Developing Countries Kriti Joshi opens the case for the opposition, as the second speaker of six in the debate. The individual in this video is a competitive debater, and therefore the views expressed may not necessarily represent his/her beliefs. The motion was defeated. ABOUT THE OXFORD UNION SOCIETY: The Oxford Union is the world's most prestigious debating society, with an unparalleled reputation for bringing international guests and speakers to Oxford. Since 1823, the Union has been promoting debate and discussion not just in Oxford University, but across the globe.	Oxford,Union,Oxford Union,Oxford Union Society,debate,debating,The Oxford Union,Oxford University,climate change,industrialisation,environmental standards,developing countries,Kriti Joshi	25	News & Politics	PT10M48S	648	2d	hd	True	https://i.ytimg.com/vi/Lq0iua0r0KQ/maxresdefault.jpg	1.0	1193197	26978.0	1262.0	0	1343.0	climate crisis	False	0
73	73	73	73	73	380	90	UCupvZG-5ko_eiXAupbDfxWw	CNN	M0tENI3ef7Y	2019-06-11T16:28:26Z	2019-06-11 16:28:26	Donald Trump vs. climate change	"Here‚Äôs a brief history of his climate change skepticism. SOURCES AND FURTHER READING: White House blocked intelligence agency‚Äôs written testimony calling climate change ‚Äòpossibly catastrophic‚Äô https://www.washingtonpost.com/climate-environment/2019/06/08/white-house-blocked-intelligence-aides-written-testimony-saying-human-caused-climate-change-could-be-possibly-catastrophic/?utm_term=.83ba0b8b4061 These senators are going after the biggest climate villains in Washington https://www.vox.com/energy-and-environment/2019/6/7/18654957/climate-change-lobbying-chamber-of-commerce Trump Administration Hardens Its Attack on Climate Science https://www.nytimes.com/2019/05/27/us/politics/trump-climate-science.html Trump, pressed on the environment in U.K. visit, says climate change goes ‚Äòboth ways‚Äô https://www.washingtonpost.com/world/europe/trump-pressed-on-the-environment-in-uk-visit-says-climate-change-goes-both-ways/2019/06/05/77c8750c-8717-11e9-9d73-e2ba6bbf1b9b_story.html?utm_term=.b50723ec217d Trump‚Äôs EPA‚Äôs new climate-change proposal: Just stop talking about it https://www.vanityfair.com/news/2019/06/trump-epa-new-climate-change-proposal-just-stop-talking-about-it-andrew-wheeler Biden unveils $1.7 trillion climate plan, paid for by reversing Trump corporate tax cuts https://www.cnbc.com/2019/06/04/joe-biden-unveils-climate-plan-funded-by-reversing-trump-tax-cuts.html 2020 is team oil vs. team climate change. There's no middle. https://www.cnn.com/2019/05/25/politics/oil-climate-change-2020-energy-divide/index.html Automakers Tell Trump His Pollution Rules Could Mean ‚ÄòUntenable‚Äô Instability and Lower Profits https://www.nytimes.com/2019/06/06/climate/trump-auto-emissions-rollback-letter.html About me: I was named ""best dressed"" in 7th grade. That, along with being CNN's editor at large and author of the daily ""Point"" newsletter are my proudest achievements. Look for me here every Tuesday and Thursday to find out what‚Äôs really going down in politics. CREDITS Writer: Chris Cillizza The Point team: Brenna Williams, Leigh Munsil Editor: Steven Sevilla Producer: Maya Dangerfield Follow Chris on Instagram: https://www.instagram.com/cillizzac/ Twitter: https://twitter.com/cillizzacnn Facebook: https://www.facebook.com/chris.cillizza/ Subscribe to The Point newsletter: https://mailchi.mp/cnn/dvgb325pfm #CNN #News #Cillizza"	latest News,Happening Now,CNN,politics,the point,cillizza	25	News & Politics	PT7M3S	423	2d	hd	False	https://i.ytimg.com/vi/M0tENI3ef7Y/maxresdefault.jpg	1.0	94313	1446.0	420.0	0	1335.0	climate crisis	False	0
74	74	74	74	74	379	59	UCZYTClx2T1of7BRZ86-8fow	SciShow	1NBQZkySDY0	2021-01-22T22:53:49Z	2021-01-22 22:53:49	Oh No...Is Nature Going to Make Climate Change WORSE?! | SciShow News	SciShow is supported by Brilliant.org. Go to https://Brilliant.org/SciShow to get 20% off of an annual Premium subscription. Photosynthesis plays a huge role in regulating the earth's CO2. But what happens when the temperature gets high enough that photosynthesis slows down? Hosted by: Hank Green SciShow has a spinoff podcast! It's called SciShow Tangents. Check it out at http://www.scishowtangents.org ---------- Support SciShow by becoming a patron on Patreon: https://www.patreon.com/scishow ---------- Huge thanks go to the following Patreon supporters for helping us keep SciShow free for everyone forever: Silas Emrys, Jb Taishoff, Bd_Tmprd, Harrison Mills, Jeffrey Mckishen, James Knight, Christoph Schwanke, Jacob, Matt Curls, Sam Buck, Christopher R Boucher, Eric Jensen, Lehel Kovacs, Adam Brainard, Greg, Ash, Sam Lutfi, Piya Shedden, KatieMarie Magnone, Scott Satovsky Jr, charles george, Alex Hackman, Chris Peters, Kevin Bealer ---------- Looking for SciShow elsewhere on the internet? Facebook: http://www.facebook.com/scishow Twitter: http://www.twitter.com/scishow Tumblr: http://scishow.tumblr.com Instagram: http://instagram.com/thescishow ---------- Sources: https://doi.org/10.1126/sciadv.aay1052 https://doi.org/10.1111/gcb.12596 https://pubmed.ncbi.nlm.nih.gov/29030907/ https://doi.org/10.1038/nature21068 Image Sources: https://www.storyblocks.com/video/stock/biology-and-nature-of-plants-figs-close-up-slow-motion-dolly-shot-close-up-hgh9hzbpxj17u5fhs https://www.istockphoto.com/vector/a-vector-of-plant-photosynthesis-gm964059380-263218789 https://upload.wikimedia.org/wikipedia/commons/d/d6/Fluxnet_Map.jpg https://www.storyblocks.com/video/stock/massive-tree-in-amazonian-forest-french-guiana-deep-jungle-sunlight-day-time-rumz61azsqjnb4ez7w https://www.storyblocks.com/video/stock/over-a-frosty-forest-aerial-view-rttavw56hk3wyayeg https://www.storyblocks.com/video/stock/aerial-view-flying-over-ocean-water-towards-sunset-1-bvw8xn5kfjevix6mb	SciShow,science,Hank,Green,education,learn,climate change,photosynthesis,cellular respiration,tipping point,carbon emissions,carbon dioxide,environmental science,fluxnet,global warming,greenhouse gases,enzymes,chemical reactions,amazon rainforest,rainforest,taiga,carbon sink,ocean ecosystem,brilliant	27	Education	PT5M38S	338	2d	hd	True	https://i.ytimg.com/vi/1NBQZkySDY0/maxresdefault.jpg	1.0	146701	9596.0	260.0	0	1334.0	climate change rainforest	False	0
75	75	75	75	75	378	183	UCeY0bbntWzzVIaj2z3QigXg	NBC News	S7Lu-R4EwQw	2019-08-19T18:10:33Z	2019-08-19 18:10:33	Bill Nye Takes On Climate Change Deniers | Mach | NBC News	Famed scientist and educator Bill Nye is an outspoken advocate for climate change action. Through elections and scientific innovation, The Science Guy sees a world where climate denialism dies out. ¬ª Subscribe to NBC News: http://nbcnews.to/SubscribeToNBC ¬ª Watch more NBC video: http://bit.ly/MoreNBCNews NBC News Digital is a collection of innovative and powerful news brands that deliver compelling, diverse and engaging news stories. NBC News Digital features NBCNews.com, MSNBC.com, TODAY.com, Nightly News, Meet the Press, Dateline, and the existing apps and digital extensions of these respective properties. We deliver the best in breaking news, live video coverage, original journalism and segments from your favorite NBC News Shows. Connect with NBC News Online! NBC News App: https://smart.link/5d0cd9df61b80 Breaking News Alerts: https://link.nbcnews.com/join/5cj/breaking-news-signup?cid=sm_npd_nn_yt_bn-clip_190621 Visit NBCNews.Com: http://nbcnews.to/ReadNBC Find NBC News on Facebook: http://nbcnews.to/LikeNBC Follow NBC News on Twitter: http://nbcnews.to/FollowNBC Follow NBC News on Instagram: http://nbcnews.to/InstaNBC Bill Nye Takes On Climate Change Deniers | Mach | NBC News	Mach,Environment,Latest Stories,NBC,NBC News,News,Technology,Tech,Innovation,Science,Medicine,Math,Mathematics,Nature,Bill Nye,Bill Nye Takes On Climate Change,Climate Change Deniers,Famed scientist,scientific innovation,climate denialism,global warming,climate change,bill nye the science guy,bill nye interview,bill nye climate change,climate change action,climate,earth,planet,save the planet,innovation,pollution,green new deal,denialism,world problems	25	News & Politics	PT2M58S	178	2d	hd	False	https://i.ytimg.com/vi/S7Lu-R4EwQw/maxresdefault.jpg	1.0	45889	1148.0	253.0	0	1306.0	climate crisis	False	0
76	76	76	76	76	377	6	UCNye-wNBqNL5ZzHSJj3l8Bg	Al Jazeera English	dcBXmj1nMTQ	2019-12-01T13:00:07Z	2019-12-01 13:00:07	What is Climate Change? | Start Here	The hard facts about global warming - a defining issue of our time. Climate change is happening now, and even world leaders meeting for climate talks at this year‚Äôs Cop25 know we aren‚Äôt doing enough to stop it. In fact, we‚Äôre going backwards. The UN says carbon dioxide levels in our atmosphere are going up, and the earth is on track to warm by 3.2 degrees before the century is over. The consequences of that acceleration are already proving disastrous for communities around the world. This week‚Äôs episode of Start Here cuts through the science and the politics, to get you what you need to know about what‚Äôs at stake for the planet. Subscribe to our channel http://bit.ly/AJSubscribe Follow us on Twitter https://twitter.com/AJEnglish Find us on Facebook https://www.facebook.com/aljazeera Check our website: http://www.aljazeera.com/ #Aljazeenglish #StartHere	al jazeera live,al jazeera english,al jazeera,aljazeera,aljazeera english happening now	25	News & Politics	PT7M7S	427	2d	hd	True	https://i.ytimg.com/vi/dcBXmj1nMTQ/maxresdefault.jpg	1.0	378807	9359.0	399.0	0	1301.0	climate crisis	False	0
77	77	77	77	77	376	332	UCknLrEdhRCp1aegoMqRaCZg	DW News	11kERB3XAIM	2019-06-22T02:00:01Z	2019-06-22 02:00:01	Climate crisis in India: Heat wave causes water scarcity | DW News	A heat wave continues to batter India. Extreme temperatures across the north and east of the country have caused hundreds of deaths. In the south, the searing hot spell has also led to severe water shortages. The situation has reached a crisis point in Chennai, India's sixth largest city. Residents there are desperate for rain, but monsoon season in Tamil Nadu isn't meant to begin until late fall. Locals are now blaming authorities for failing to recognize the shortage and deal with it early on. Subscribe: https://www.youtube.com/user/deutschewelleenglish?sub_confirmation=1 For more news go to: http://www.dw.com/en/ Follow DW on social media: ‚ñ∫Facebook: https://www.facebook.com/deutschewellenews/ ‚ñ∫Twitter: https://twitter.com/dwnews ‚ñ∫Instagram: https://www.instagram.com/dw_stories/ F√ºr Videos in deutscher Sprache besuchen Sie: https://www.youtube.com/channel/deutschewelle	india,india climate,india climate change,climate crisis,chennai,chennai water,chennai water problem,water shortage,water scarcity,heatwave,india heatwave,india heat wave,heat wave india,india water,DW News,DW,india water crisis,india news,local news,drought,chennai water crisis	25	News & Politics	PT8M58S	538	2d	hd	False	https://i.ytimg.com/vi/11kERB3XAIM/maxresdefault.jpg	1.0	165536	2737.0	119.0	0	1275.0	climate crisis	False	0
78	78	78	78	78	375	226	UCvQECJukTDE2i6aCoMnS-Vg	Big Think	fmy0tXcNTPs	2012-04-24T00:52:20Z	2012-04-24 00:52:20	"Freeman Dyson: Climate Change Predictions Are ""Absurd"""	New videos DAILY: https://bigth.ink/youtube Join Big Think Edge for exclusive videos: https://bigth.ink/Edge ---------------------------------------------------------------------------------- ---------------------------------------------------------------------------------- ABOUT BIG THINK: Smarter Faster‚Ñ¢ Big Think is the leading source of expert-driven, actionable, educational content -- with thousands of videos, featuring experts ranging from Bill Clinton to Bill Nye, we help you get smarter, faster. S‚Äãubscribe to learn from top minds like these daily. Get actionable lessons from the world‚Äôs greatest thinkers & doers. Our experts are either disrupting or leading their respective fields. ‚ÄãWe aim to help you explore the big ideas and core skills that define knowledge in the 21st century, so you can apply them to the questions and challenges in your own life. Other Frequent contributors include Michio Kaku & Neil DeGrasse Tyson. Michio Kaku Playlist: https://bigth.ink/kaku Bill Nye Playlist: https://bigth.ink/BillNye Neil DeGrasse Tyson Playlist: https://bigth.ink/deGrasseTyson Read more at Bigthink.com for a multitude of articles just as informative and satisfying as our videos. New articles posted daily on a range of intellectual topics. Join Big Think Edge, to gain access to a world-class learning platform focused on building the soft skills essential to 21st century success. It features insight from many of the most celebrated and intelligent individuals in the world today. Topics on the platform are focused on: emotional intelligence, digital fluency, health and wellness, critical thinking, creativity, communication, career development, lifelong learning, management, problem solving & self-motivation. BIG THINK EDGE: https://bigth.ink/Edge If you're interested in licensing this or any other Big Think clip for commercial or private use, contact our licensing partner, Executive Interviews: https://bigth.ink/licensing ---------------------------------------------------------------------------------- Follow Big Think here: üì∞BigThink.com: https://bigth.ink üßîFacebook: https://bigth.ink/facebook üê¶Twitter: https://bigth.ink/twitter üì∏Instagram: https://bigth.ink/Instragram üìπYouTube: https://bigth.ink/youtube ‚úâ E-mail: info@bigthink.com ----------------------------------------------------------------------------------	bigthink	22	People & Blogs	PT3M23S	203	2d	hd	True	https://i.ytimg.com/vi/fmy0tXcNTPs/maxresdefault.jpg	1.0	123029	1882.0	381.0	0	1261.0	climate crisis	False	0
79	79	79	79	79	374	88	UCqoAEDirJPjEUFcF2FklnBA	StarTalk	kSjTsInyveE	2020-04-17T01:50:12Z	2020-04-17 01:50:12	StarTalk Podcast: Coronavirus and Climate Change, with Neil deGrasse Tyson	"On this episode of StarTalk Radio, Neil deGrasse Tyson is investigating the link between coronavirus and climate change alongside comic co-host Chuck Nice and expert guests. How has coronavirus impacted climate change? Can methods used to track climate change be used to track the spread of coronavirus? We explore these topics and a lot more. Our first guest is Gavin Schmidt, PhD, Director of the NASA Goddard Institute for Space Studies. To start, we get a little background on CO2 emissions. How has the air quality changed over the current quarantined period? You‚Äôll learn how the decrease of car and air travel have impacted our climate. We explore how climate modeling is similar to modeling the spread of coronavirus. You‚Äôll also learn the benefits of ‚Äúsimple‚Äù vs ‚Äúcomplex‚Äù modeling. Gavin tells us why models are fundamental to scientific enterprise. Then we welcome our second guest, Katharine Hayhoe, PhD, director of the Climate Center at Texas Tech University. She also has her own YouTube channel called @Global Weirding with Katharine Hayhoe. Katharine explains how coronavirus made the jump from animals to humans (zoonosis) and why this is not the first, or last, time it will happen. You‚Äôll hear why the current pandemic is like a microcosm of climate change. We investigate the role that government has played in this pandemic so far and what governments can learn from dealing with this situation. Katharine explains how this pandemic and climate change are similar in the fact that they both impact the poorest people the hardest. We take a look at the spread of conspiracy theories during this pandemic and how they come from the same places that spread climate change conspiracies. Lastly, you‚Äôll also hear about climatefeedback.org, a website run by a network of scientists to bring you truthful climate change news. All that, plus, Katharine shares a hopeful message for the future. =================================== About the prints that flank Neil in this video: ""Black Swan‚Äù & ""White Swan"" limited edition serigraph prints by Coast Salish artist Jane Kwatleematt Marston. For more information about this artist and her work, visit Inuit Gallery of Vancouver, https://inuit.com/ Support us on Patreon: https://www.patreon.com/startalkradio Subscribe to StarTalk: https://www.youtube.com/user/startalkradio?sub_confirmation=1 Follow StarTalk: Twitter: http://twitter.com/startalkradio Facebook: https://www.facebook.com/StarTalk Instagram: https://www.instagram.com/startalkradio/ About StarTalk: Science meets pop culture on StarTalk! Astrophysicist & Hayden Planetarium director Neil deGrasse Tyson, his comic co-hosts, guest celebrities & scientists discuss astronomy, physics, and everything else about life in the universe. Keep Looking Up! #StarTalk #NeildeGrasseTyson #Coronavirus #ClimateChange"	startalk,star talk,startalk radio,neil degrasse tyson,neil tyson,science,space,astrophysics,astronomy,podcast,space podcast,science podcast,astronomy podcast,niel degrasse tyson,physics,Chuck Nice,Gavin Schmidt,Katharine Hayhoe,coronavirus,COVID-19,climate change,CO2 emissions,air quality,quarantine,climate modeling,Global Weirding,pandemic,zoonosis,conspiracy theories,covid 19,katharine hayhoe global weirding,neil degrasse tyson coronavirus	28	Science & Technology	PT51M28S	3088	2d	hd	False	https://i.ytimg.com/vi/kSjTsInyveE/maxresdefault.jpg	1.0	333444	8811.0	434.0	0	1248.0	climate crisis	False	0
80	80	80	80	80	373	69	UChLtXXpo4Ge1ReTEboVvTDg	Global News	r4_SS3cOJrw	2019-12-11T13:32:37Z	2019-12-11 13:32:37	"Greta Thunberg denounces world leaders' ""creative PR"" in climate flight at UN summit"	"Teenage climate activist Greta Thunberg accused political and business leaders of polishing their images with ""clever accounting and creative PR"" rather than taking concrete action in the fight against climate change at the United Nations Climate Change Conference COP25 summit on Wednesday in Madrid. She ended off her speech with a message: ""This is what I want you to focus on. So, please tell me how do you react to these numbers without feeling at least some level of panic? How do you respond to the fact that basically nothing is being done about this without feeling the slightest bit of anger? And how do you communicate this without sounding alarmist? I would really like to know."" Thunberg has become a symbol of youth anger against older generations and the political classes for foot-dragging over the environmental crisis. For more info, please go to http://www.globalnews.ca Subscribe to Global News Channel HERE: http://bit.ly/20fcXDc Like Global News on Facebook HERE: http://bit.ly/255GMJQ Follow Global News on Twitter HERE: http://bit.ly/1Toz8mt Follow Global News on Instagram HERE: https://bit.ly/2QZaZIB #GlobalNews #GretaThunberg #ClimateAction #COP25"	greta thunberg,cop25,greta thunberg speech,thunberg speech,greta thunberg madrid,greta speech,greta at UN climate summit,greta how dare you,greta time person of the year,thunberg person of the year,climate summit,climate crisis,world leaders,madrid,teen climate activist,greta thunberg full speech,greta thunberg full speech in madrid	25	News & Politics	PT4M53S	293	2d	hd	False	https://i.ytimg.com/vi/r4_SS3cOJrw/maxresdefault.jpg	1.0	100876	1732.0	1256.0	0	1248.0	climate change greta	False	0
81	81	81	81	81	372	271	UCAuUUnT6oDeKwE6v1NGQxug	TED	gVfgkFaswn4	2016-03-14T15:34:27Z	2016-03-14 15:34:27	The case for optimism on climate change | Al Gore	Why is Al Gore optimistic about climate change? In this spirited talk, Gore asks three powerful questions about the man-made forces threatening to destroy our planet ‚Äî and the solutions we're designing to combat them. (Featuring Q&A with TED Curator Chris Anderson) TEDTalks is a daily video podcast of the best talks and performances from the TED Conference, where the world's leading thinkers and doers give the talk of their lives in 18 minutes (or less). Look for talks on Technology, Entertainment and Design -- plus science, business, global issues, the arts and much more. Find closed captions and translated subtitles in many languages at http://www.ted.com/translate Follow TED news on Twitter: http://www.twitter.com/tednews Like TED on Facebook: https://www.facebook.com/TED Subscribe to our channel: http://www.youtube.com/user/TEDtalksDirector	TED Talk,TED Talks,Al Gore,climate change,TED2016	29	Nonprofits & Activism	PT25M21S	1521	2d	hd	True	https://i.ytimg.com/vi/gVfgkFaswn4/maxresdefault.jpg	1.0	304257	6912.0	679.0	0	1240.0	climate crisis	False	0
82	82	82	82	82	371	274	UCDLt1fvAPhRAG_2bX4dcgzQ	Mark Steyn	FHUHsBnpCj8	2019-11-26T14:00:15Z	2019-11-26 14:00:15	The Mark Steyn Show Climate Change Forum	"[UPDATE: The ever more insecure commissars at Global Thought Control Inc have appended a Warming Warning up above. Enjoy a good giggle at their touchiness: No doubt excess laughter adds to climate change; everything else does.] We're proud to present another edition of The Mark Steyn Show, recorded before an audience of Mark Steyn Club members from the United States, Canada, the United Kingdom, India, Australia, New Zealand and elsewhere. In this edition, Mark talks climate change with Anthony Watts of WattsUpWithThat.com, and the two guys who dismantled the fraudulent ""hockey stick"" graph, Stephen McIntyre and Ross McKitrick. They also take questions from the audience on climate issues in North America, Europe and elsewhere. The Mark Steyn Show acknowledges the support of members of The Mark Steyn Club. For more on the Steyn Club, please go to https://www.steynonline.com/club/ ¬© 2019 Oak Hill Media Inc/Mark Steyn Enterprises (US) Inc. All rights reserved."	The Mark Steyn Show,Hockey Stick,Climate change,Michael E Mann,Mark Steyn,Ross McKitrick,Steve McIntyre,Anthony Watts,WattsUpWithThat	24	Entertainment	PT1H24M58S	1498	2d	hd	False	https://i.ytimg.com/vi/FHUHsBnpCj8/maxresdefault.jpg		206184	6467.0	277.0	0	1238.0	climate crisis	False	0
83	83	83	83	83	370	233	UC16niRr50-MSBwiO3YDb3RA	BBC News	sG8gLt4GChg	2016-08-16T12:46:46Z	2016-08-16 12:46:46	Climate Change: Professor Brian Cox clashes with sceptic Malcolm Roberts - BBC News	Professor Brian Cox has verbally sparred with a newly elected Australian politician who believes climate change is a global conspiracy. The British physicist behind BBC's Wonders of the Universe was a guest on the adversarial panel show Q&A. Also on the Australian TV show was senator-elect Malcolm Roberts from the anti-immigration One Nation party. The celebrity scientist was dumbfounded by Mr Roberts' claim that climate change data was manipulated by Nasa. Please subscribe HERE http://bit.ly/1rbfUog Islamic State's 'Most Wanted' https://www.youtube.com/playlist?list=PLS3XGZxi7cBX5GE4jXnF9bvF4C801cul3 World In Pictures https://www.youtube.com/playlist?list=PLS3XGZxi7cBX37n4R0UGJN-TLiQOm7ZTP Big Hitters https://www.youtube.com/playlist?list=PLS3XGZxi7cBUME-LUrFkDwFmiEc3jwMXP Just Good News https://www.youtube.com/playlist?list=PLS3XGZxi7cBUsYo_P26cjihXLN-k3w246	bbc,bbc news,brian cox,climate change,brian cox climate change,brian cox interview,brian cox debate,professor brian cox,malcolm roberts,brian cox malcolm roberts,nasa,youtube,video,lifestyle,science,australia,culture,climate change denier,sceptic,climate change sceptic,malcolm robert brian cox,global warming,hoax,global warming hoax	28	Science & Technology	PT1M31S	91	2d	hd	False		1.0	139814	1086.0	305.0	0	1236.0	climate crisis	False	0
84	84	84	84	84	369	229	UCupvZG-5ko_eiXAupbDfxWw	CNN	HulsvwRN8YM	2019-09-21T01:53:56Z	2019-09-21 01:53:56	Climate change is affecting the food you eat. Here's how	Climate change is already having a negative impact on our food supply. CNN's Sanjay Gupta reports. #CNN #News	latest News,Happening Now,CNN,climate change,sanjay gupta	25	News & Politics	PT4M52S	292	2d	hd	False	https://i.ytimg.com/vi/HulsvwRN8YM/maxresdefault.jpg	1.0	50442	995.0	291.0	0	1233.0	climate crisis	False	0
85	85	85	85	85	368	362	UCwnKziETDbHJtx78nIkfYug	CaspianReport	SQY7VOQF8sY	2019-07-15T13:28:48Z	2019-07-15 13:28:48	How climate change benefits Russia	While Americans are debating the authenticity of climate change, the Russians are planning to capitalize on it. Support CaspianReport ‚úî Patreon ‚ñ∫ https://www.patreon.com/CaspianReport ‚úî PayPal ‚ñ∫ https://www.paypal.me/caspianreport ‚úî Merchandise ‚ñ∫https://teespring.com/stores/caspianreport ‚úî Amazon ‚ñ∫ https://www.amazon.com/shop/caspianreport BAKU - Climate change will displace up to 143 million people by 2050, according to a study by the World Bank. As families flee water scarcity, crop failure and rising sea levels, the refugee crisis is bound to wreak havoc on the international system with tremendous economic and political consequences. Russia, however, is likely to be insulated from the most disastrous effects. In fact, the Russians actually stand to benefit from climate change in numerous ways, and policymakers in Moscow believe this is their license to global resurgence. Crypto endorsement ‚úî Bitcoin ‚ñ∫ 1MwRNXWWqzbmsHova7FMW11zPftVZVUfbU ‚úî Ether ‚ñ∫ 0xfE4c310ccb6f52f9D220F25Ce76Dec0493dF9aA0 ‚úî Bitcoin Cash ‚ñ∫ 1BKLti4Wq4EK9fsBnYWC91caK7NZfUhNw9 Follow on social media ‚úî Twitter ‚ñ∫ https://twitter.com/CaspianReport ‚úî Facebook ‚ñ∫ https://www.facebook.com/CaspianReport Soundtrack ‚úî Interlinked ‚ñ∫ CO.AG Music ‚úî Case Files 1 ‚ñ∫ CO.AG Music ‚úî Fiery The Angels Fell ‚ñ∫ CO.AG Music Licensed under Creative Commons: Attribution 4.0 https://creativecommons.org/licenses/by/4.0/	Climate change,Russia,Putin,Trump,United States,Future,Prediction,Siberia,Arctic Sea,Agriculture,Farming,Sea levels,Rising,Warming,Oil,Natural gas,Resources,North Pole,Northern Sea Route,Refugees,Migrations,2050,Military,Weather	25	News & Politics	PT12M	720	2d	hd	False	https://i.ytimg.com/vi/SQY7VOQF8sY/maxresdefault.jpg	1.0	166462	6471.0	280.0	0	1202.0	climate crisis	False	0
86	86	86	86	86	367	263	UCZYTClx2T1of7BRZ86-8fow	SciShow	X9mNgvdsncE	2018-03-29T21:00:02Z	2018-03-29 21:00:02	3 (Actually Safe) Ways to Fight Climate Change	Climate change is happening we all need to get serious about limiting our carbon dioxide emissions! At the same time, scientists are looking for plan B because we might need it. Hosted by: Michael Aranda SciShow has a spinoff podcast! It's called SciShow Tangents. Check it out at http://www.scishowtangents.org ---------- Head to https://scishowfinds.com/ for hand selected artifacts of the universe! ---------- Support SciShow by becoming a patron on Patreon: https://www.patreon.com/scishow ---------- Dooblydoo thanks go to the following Patreon supporters: Lazarus G, Kelly Landrum Jones, Sam Lutfi, Kevin Knupp, Nicholas Smith, D.A. Noe, alexander wadsworth, ÿ≥ŸÑÿ∑ÿßŸÜ ÿßŸÑÿÆŸÑŸäŸÅŸä, Piya Shedden, KatieMarie Magnone, Scott Satovsky Jr, Charles Southerland, Bader AlGhamdi, James Harshaw, Patrick Merrithew, Patrick D. Ashmore, Candy, Tim Curwick, charles george, Saul, Mark Terrio-Cameron, Viraansh Bhanushali, Kevin Bealer, Philippe von Bergen, Chris Peters, Justin Lentz ---------- Looking for SciShow elsewhere on the internet? Facebook: http://www.facebook.com/scishow Twitter: http://www.twitter.com/scishow Tumblr: http://scishow.tumblr.com Instagram: http://instagram.com/thescishow ---------- Sources: https://royalsociety.org/~/media/Royal_Society_Content/policy/publications/2009/8693.pdf https://www.scientificamerican.com/article/geoengineering-and-climate-change/ http://www.ce-conference.org/what-climate-engineering http://e360.yale.edu/features/how_third_way_technologies_can_help_win_the_climate_fight https://www.theguardian.com/books/2015/nov/20/climate-crisis-future-brighter-tim-flannery https://www.researchgate.net/publication/259892834_Negative_Carbon_Via_Ocean_Afforestation https://qz.com/534553/seaweed-could-save-the-worlds-oceans-from-becoming-too-acidic/ http://www.climatecentral.org/news/we-just-breached-the-410-parts-per-million-threshold-21372 https://www.nationalgeographic.com/environment/oceans/critical-issues-ocean-acidification/ https://www.pmel.noaa.gov/co2/story/What+is+Ocean+Acidification%3F http://e360.yale.edu/features/pulling_co2_from_the_air_promising_idea_big_price_tag https://www.theguardian.com/sustainable-business/2015/jul/14/carbon-direct-air-capture-startups-tech-climate https://www.pri.org/stories/2015-08-30/artificial-tree-part-solution-climate-change-these-guys-think-so https://www.theguardian.com/environment/2016/jan/12/artificial-trees-fight-climate-change https://cnce.engineering.asu.edu/ http://www.sciencemag.org/news/2017/06/switzerland-giant-new-machine-sucking-carbon-directly-air https://qz.com/1100221/the-worlds-first-negative-emissions-plant-has-opened-in-iceland-turning-carbon-dioxide-into-stone/ https://journals.ametsoc.org/doi/pdf/10.1175/JAMC-D-16-0135.1 http://earthtechling.com/2015/11/could-we-sequester-co2-in-antarctic-ice/ http://www.gi.alaska.edu/alaska-science-forum/cool-idea-locking-carbon-dioxide https://journals.ametsoc.org/doi/full/10.1175/JAMC-D-12-0110.1 https://judithcurry.com/2012/08/24/a-modest-proposal-for-sequestration-of-co2-in-the-antarctic/ ---------- Images: https://www.nasa.gov/content/earths-horizon-and-clouds-over-the-south-pacific-ocean https://www.flickr.com/photos/noaaphotolib/5123553062/in/photostream/ https://en.wikipedia.org/wiki/Seaweed#/media/File:WomenWorking_SeaweedZanzibar_3.jpg https://www.flickr.com/photos/noaaphotolib/5077882249/in/album-72157625320966201/ http://www.thinkstockphotos.com/image/stock-photo-christmas-fir-tree/498027148 https://commons.wikimedia.org/wiki/File:Hirtstein2.jpg https://en.wikipedia.org/wiki/File:AntarcticaDomeCSnow.jpg https://www.flickr.com/photos/noaaphotolib/5277912058/in/album-72157624899643697/	SciShow,science,Hank,Green,education,learn,climate change,global warming,carbon dioxide,climate,climate engineering,geoengineering,seaweed,seaweed farming,biofuel,CO2,ocean acidification,carbon emissions,Artificial trees,basalt,Antarctica,Michael Aranda	27	Education	PT4M43S	283	2d	hd	True	https://i.ytimg.com/vi/X9mNgvdsncE/maxresdefault.jpg	1.0	182720	7471.0	208.0	0	1168.0	climate crisis	False	0
87	87	87	87	87	366	205	UCupvZG-5ko_eiXAupbDfxWw	CNN	gXQSyqNGLcI	2018-01-18T19:57:55Z	2018-01-18 19:57:55	Facts first: Climate change is real	New data released by NASA shows that 17 of the 18 hottest years on record have occurred since 2001.	latest News,Happening Now,CNN,weather,climate change,environment	25	News & Politics	PT1M44S	104	2d	hd	False	https://i.ytimg.com/vi/gXQSyqNGLcI/maxresdefault.jpg	1.0	67733	932.0	528.0	0	1157.0	climate crisis	False	0
88	88	88	88	88	365	194	UCvJJ_dzjViJCoLf5uKUTwoA	CNBC	yvDRQe2oCt4	2019-11-30T16:00:09Z	2019-11-30 16:00:09	Can Planting Billions Of Trees Halt Climate Change?	Trees are burning up around the planet at an alarming rate and impacting the climate. Now a new effort to plant as many trees as possible has taken hold around the globe. But will it mitigate climate change? In California, 3 million acres have burned since 2017. And in Brazil, some 121,000 fires have burned since January ‚Äî more than half in the Amazon rainforest. The fires have cost the planet millions of trees, one of the Earth‚Äôs best defenses against climate change. Now a movement around the globe is trying to replace trees lost to fire and deforestation for agriculture or grazing. In Ethiopia, the prime minister announced a new #GreenLegacy initiative that planted more than 353 million trees in 12 hours. Even YouTube stars are getting in on the act: More than 600 social media personalities recently raised over $16 million to plant trees worldwide. The effort was led by Jimmy Donaldson, a YouTube star who‚Äôs also known as MrBeast. Reforestation is also a big part of the Paris climate agreement, which the U.S. recently abandoned at the behest of President Donald Trump. But can planting billions and billions of trees really mitigate climate change? For that matter, is it even feasible? ¬ª Subscribe to CNBC: https://cnb.cx/SubscribeCNBC ¬ª Subscribe to CNBC TV: https://cnb.cx/SubscribeCNBCtelevision ¬ª Subscribe to CNBC Classic: https://cnb.cx/SubscribeCNBCclassic About CNBC: From 'Wall Street' to 'Main Street' to award winning original documentaries and Reality TV series, CNBC has you covered. Experience special sneak peeks of your favorite shows, exclusive video and more. Connect with CNBC News Online Get the latest news: https://www.cnbc.com/ Follow CNBC on LinkedIn: https://cnb.cx/LinkedInCNBC Follow CNBC News on Facebook: https://cnb.cx/LikeCNBC Follow CNBC News on Twitter: https://cnb.cx/FollowCNBC Follow CNBC News on Instagram: https://cnb.cx/InstagramCNBC #CNBC Can Planting Billions Of Trees Halt Climate Change?	CNBC,business,news,finance stock,stock market,news channel,news station,breaking news,us news,world news,cable,cable news,finance news,money,money tips,financial news,Stock market news,stocks,Planting 20000000 Trees My Biggest Project Ever!,mrbeast trees,what if,science insider	25	News & Politics	PT11M29S	689	2d	hd	True	https://i.ytimg.com/vi/yvDRQe2oCt4/maxresdefault.jpg	1.0	304636	6065.0	371.0	0	1137.0	climate crisis	False	0
89	89	89	89	89	364	77	UC1E-JS8L0j1Ei70D9VEFrPQ	Vaush	J4YPDCImX2M	2019-09-26T03:22:42Z	2019-09-26 03:22:42	The Right Is SO TRIGGERED Over Greta Thunberg And I Love It	literally imagine being one of these people Website - https://www.vaush.gg/ Twitter - https://twitter.com/VaushV Patreon - https://www.patreon.com/vaush Donate - https://www.paypal.me/vaush #GretaThunberg #ClimateStrike #ClimateChange	leftism,socialism,communism,politics,debate,Greta Thunberg,UN,climate change,climate,global warming,climate strike	25	News & Politics	PT1H7M1S	421	2d	hd	False		1.0	120761	5436.0	237.0	0	1125.0	climate change greta	False	0
90	90	90	90	90	363	212	UCxlJ45KjG4XVcQ_hd8j227A	Peekaboo Kidz	Y3gqoDUtmt4	2019-03-29T12:45:24Z	2019-03-29 12:45:24	Global Warming - The End Game | The Dr. Binocs Show | Best Learning Videos For Kids | Peekaboo Kidz	What Is Global Warming? | The Dr. Binocs Show | Best Learning Videos For Kids | Peekaboo Kidz Hi KIDZ! Welcome to a BRAND NEW SEASON of the DR. Binocs show. Have you ever wondered what is Global Warming and what causes it? If not then enjoy this wonderful episode with many surprises and learn What Is Global Warming. SUBSCRIBE to Peekaboo Kidz:http://bit.ly/SubscribeTo-Peekabookidz Catch Dr.Binocs At - https://goo.gl/SXhLmc To Watch More Popular Nursery Rhymes Go To - https://goo.gl/CV0Xoo To Watch Alphabet Rhymes Go To - https://goo.gl/qmIRLv To Watch Compilations Go To - https://goo.gl/nW3kw9 Voice of Dr. Binocs - Joseph D'Souza Creative Head/Written/Directed by Nitin Navale Illustrators - Kalpesh Bamne, Mukesh Ishi, Rupesh Hire Storyboard - Kalpesh Bamne Animators - Rupesh Hire, Sushant Hodage, Tushar Ishi VFX Artist - Aliasgar Kagalwala Background Score & SFX - Jay Rajesh Arya Sound Engineer - Varad J. Khare Producer - Neha Barjatya Copyrights and Publishing: Rajshri Entertainment Private Limited All rights reserved. #Globalwarming #drbinocs #DrBinocsshow #peekabookidz	the dr. binocs show,video for kids,dr binocs,best learning video for kids,peekaboo kidz,learning videos for kids,kids videos,kids learning videos,dr. binocs show,best learning videos for kids,learning video for toddlers,education videos for children,education videos for kids,interactive learning,global warming,smart learning,the avengers,global warming 2019,the avengers endgame,global warming for kids,end game,avenger end game	27	Education	PT6M12S	372	2d	hd	False	https://i.ytimg.com/vi/Y3gqoDUtmt4/maxresdefault.jpg	1.0	2387160	12867.0	1193.0	0	1119.0	climate crisis	False	0
91	91	91	91	91	362	83	UCi7GJNg51C3jgmYTUwqoUXA	Team Coco	e3duOpZlD9E	2019-09-26T16:49:34Z	2019-09-26 16:49:34	Conan Interviews A Pro-Climate Change Teen Activist - CONAN on TBS	Grinka OÃàstenglaÃäarg believes that science, like sleepovers and friends, is a concept invented by the liberal media. More CONAN @ http://teamcoco.com/video Team Coco is the official YouTube channel of late night host Conan O'Brien, CONAN on TBS & TeamCoco.com. Subscribe now to be updated on the latest videos: http://bit.ly/W5wt5D For Full Episodes of CONAN on TBS, visit http://teamcoco.com/video Get Social With Team Coco: On Facebook: ‚Ä™https://www.facebook.com/TeamCoco‚Ä¨ On Google+: https://plus.google.com/+TeamCoco/ On Twitter: http://twitter.com/TeamCoco On Tumblr: http://teamcoco.tumblr.com On YouTube: http://youtube.com/teamcoco Follow Conan O'Brien on Twitter: http://twitter.com/ConanOBrien	Conan O'Brien,Conan,Conan (TV Series),TBS (TV Channel),Team Coco	23	Comedy	PT3M12S	192	2d	hd	False	https://i.ytimg.com/vi/e3duOpZlD9E/maxresdefault.jpg	1.0	264617	5220.0	1461.0	0	1108.0	climate change greta	False	0
92	92	92	92	92	361	195	UCwWhs_6x42TyRM4Wstoq8HA	The Daily Show with Trevor Noah	Wi3ujfXLYAc	2019-05-04T16:00:04Z	2019-05-04 16:00:04	Why Aren‚Äôt People More Worried About Climate Change? | The Daily Show	Roy Wood Jr. sits down with author Dan Gardner about why humans just can‚Äôt seem to viscerally care about the effects of climate change. Subscribe to The Daily Show: https://www.youtube.com/channel/UCwWhs_6x42TyRM4Wstoq8HA/?sub_confirmation=1 Follow The Daily Show: Twitter: https://twitter.com/TheDailyShow Facebook: https://www.facebook.com/thedailyshow Instagram: https://www.instagram.com/thedailyshow Watch full episodes of The Daily Show for free: http://www.cc.com/shows/the-daily-show-with-trevor-noah/full-episodes Follow Comedy Central: Twitter: https://twitter.com/ComedyCentral Facebook: https://www.facebook.com/ComedyCentral Instagram: https://www.instagram.com/comedycentral About The Daily Show: Trevor Noah and The World's Fakest News Team tackle the biggest stories in news, politics and pop culture. The Daily Show with Trevor Noah airs weeknights at 11/10c on Comedy Central.	the daily show,trevor noah,daily show with trevor noah,the daily show episodes,comedy central,comedians,comedian,funny video,comedy videos,funny clips,noah trevor,trevor noah latest episode,daily show latest episode,daily show,trevor,news,politics,daily show trump,trevor noah trump,trump,climate change,Roy Wood Jr.,polar bears,apocalypse,evolution,Dan Gardner,fear,abstract,caveman,brain,shock collar,gun	23	Comedy	PT4M41S	281	2d	hd	True	https://i.ytimg.com/vi/Wi3ujfXLYAc/maxresdefault.jpg	1.0	501192	11678.0	258.0	0	1079.0	climate crisis	False	0
93	93	93	93	93	360	34	UCwNJt9PYyN1uyw2XhNIQMMA	TYT Investigates	NxDyu9Ut2mE	2019-09-19T13:37:18Z	2019-09-19 13:37:18	Greta Thunberg SCHOOLS Congress on Climate Change	With short, simple answers, climate activist Greta Thunberg takes on questions from both Democrats and Republicans in a committee hearing on climate change.	Greta Thunberg,Climate Change,Congress,TYT	25	News & Politics	PT8M36S	516	2d	sd	False	https://i.ytimg.com/vi/NxDyu9Ut2mE/maxresdefault.jpg	1.0	108863	2712.0	351.0	0	1050.0	climate change greta	False	0
